2017Panzer_VI-II,WQL,aye,True
2017Panzer_VI-II,鱼头炮,aye,True
2017Panzer_VI-II,瑞丽江的河水,aye,True
2017Panzer_VI-II,星巴克女王,aye,False
2017Panzer_VI-II,WilliamSkyWalk,aye,False
2017Panzer_VI-II,Alexander_Misel,aye,True
2017Panzer_VI-II,Jimmy_wiki,aye,False
2017Panzer_VI-II,Techyan,aye,True
2017Panzer_VI-II,ArthurLau1997,aye,True
2017Panzer_VI-II,Kou_Dou,aye,False
2017Panzer_VI-II,Dqwyy,aye,True
2017Panzer_VI-II,苏你妹~,aye,True
2017Panzer_VI-II,萌得不能再萌,aye,False
2017Panzer_VI-II,小躍,aye,False
2017Panzer_VI-II,ForwardXu,aye,False
2017Panzer_VI-II,Hal_0005,aye,False
2017Panzer_VI-II,守望者爱孟,aye,True
2017Panzer_VI-II,It's_gonna_be_awesome,aye,False
2017Panzer_VI-II,Lanwi1,aye,False
2017Panzer_VI-II,飞贼燕子,aye,True
2017Panzer_VI-II,Theodore_Xu,aye,True
2017Panzer_VI-II,宋世怡,aye,True
2017Panzer_VI-II,WAN233,aye,True
2017Panzer_VI-II,李4,aye,False
2017Panzer_VI-II,Clear_Sky_C,aye,True
2017Panzer_VI-II,Irc782,aye,True
2017Panzer_VI-II,Erquanmen,aye,True
2017Panzer_VI-II,丁子君,aye,True
2017Panzer_VI-II,Gszq,aye,False
2017Panzer_VI-II,Hamishcn,aye,True
2017Panzer_VI-II,AsharaDayne,aye,True
2017Panzer_VI-II,H2244932,aye,False
2017Panzer_VI-II,金牌雄鹰,aye,True
2017Panzer_VI-II,太子太保啦啦,aye,True
2017Panzer_VI-II,霧島聖,aye,True
2017Panzer_VI-II,Jpcomic,aye,False
2017Panzer_VI-II,Happy_corner,aye,False
2017Panzer_VI-II,AndyAndyAndyAlbert,aye,False
2017Panzer_VI-II,Z1148059382,aye,True
2017Panzer_VI-II,Nbfreeh,aye,True
2017Panzer_VI-II,Sacha,aye,False
2017Panzer_VI-II,Zhangguozhen,aye,False
2017Panzer_VI-II,Richard923888,aye,False
2017Panzer_VI-II,Stang,aye,True
2017Panzer_VI-II,空间的拓荒者,aye,True
2017Panzer_VI-II,Fayhoo,aye,True
2017Panzer_VI-II,Dingruogu,aye,False
2017Panzer_VI-II,SzMithrandir,aye,True
2017Panzer_VI-II,Lqg159,aye,False
2017Panzer_VI-II,Huihengchen,aye,True
2017Panzer_VI-II,Mewaqua,nye,False
2017Panzer_VI-II,Liu116,nye,False
2017Panzer_VI-II,O1lI0,nye,False
2017Panzer_VI-II,Antigng,nye,False
2017Panzer_VI-II,AT,nye,False
2017Panzer_VI-II,Subscriptshoe9,nye,False
2017Panzer_VI-II,Kuailong,nye,False
2017Panzer_VI-II,Zhxy_519,nye,False
2017Panzer_VI-II,AT,nye,False
2017Panzer_VI-II,Temp3600,nye,False
2017Panzer_VI-II,FireFeather,nye,False
2017Panzer_VI-II,Wong128hk,nye,False
2017Panzer_VI-II,彭鹏,nye,False
2017Panzer_VI-II,B_dash,nye,False
2017Panzer_VI-II,PhiLiP,nye,False
2017Panzer_VI-II,Jasonzhuocn,nye,False
2017Panzer_VI-II,Reke,nye,False
2017CopperSulfate,B_dash,aye,False
2017CopperSulfate,Kou_Dou,aye,False
2017CopperSulfate,Clear_Sky_C,aye,True
2017CopperSulfate,Jpcomic,aye,False
2017CopperSulfate,Jane9306,aye,False
2017CopperSulfate,小躍,nye,False
2017CopperSulfate,蘭斯特,nye,False
2017CopperSulfate,Liu116,nye,False
2017CopperSulfate,Walter_Grassroot,nye,False
2017CopperSulfate,淺藍雪,nye,False
2017CopperSulfate,AndyAndyAndyAlbert,nye,False
2017CopperSulfate,WilliamSkyWalk,nye,False
2017Lnnocentius,Z7504,aye,False
2017Lnnocentius,李4,aye,False
2017Lnnocentius,H2244932,aye,False
2017Lnnocentius,Bluedeck,aye,False
2017Lnnocentius,Lanwi1,aye,False
2017Lnnocentius,萌得不能再萌,aye,False
2017Lnnocentius,WAN233,aye,True
2017Lnnocentius,B_dash,aye,False
2017Lnnocentius,蘭斯特,aye,False
2017Lnnocentius,Hal_0005,aye,False
2017Lnnocentius,Jpcomic,aye,False
2017Lnnocentius,Iokseng,aye,False
2017Lnnocentius,Snghrax,aye,True
2017Lnnocentius,WilliamSkyWalk,aye,False
2017Lnnocentius,Subscriptshoe9,aye,False
2017Lnnocentius,Bxxiaolin,aye,False
2017Lnnocentius,1233,aye,False
2017Lnnocentius,瑞丽江的河水,aye,True
2017Lnnocentius,小躍,aye,False
2017Lnnocentius,Techyan,aye,True
2017Lnnocentius,Panzer_VI-II,aye,True
2017Lnnocentius,Kou_Dou,aye,False
2017Lnnocentius,Manchiu,aye,False
2017Lnnocentius,Aotfs2013,nye,False
2017Lnnocentius,Antigng,nye,False
2017Lnnocentius,Mewaqua,nye,False
2017Lnnocentius,Walter_Grassroot,nye,False
2017Lnnocentius,金牌雄鹰,nye,True
2017Lnnocentius,Gszq,nye,False
2017Lnnocentius,WQL,nye,True
2017Lnnocentius,Liu116,nye,False
2017CU-Lanwi1,Alexander_Misel,aye,True
2017CU-Lanwi1,Manchiu,aye,False
2017CU-Lanwi1,Techyan,aye,True
2017CU-Lanwi1,Datou_1996,aye,False
2017CU-Lanwi1,瑞丽江的河水,aye,True
2017CU-Lanwi1,金牌雄鹰,aye,True
2017CU-Lanwi1,丁子君,aye,True
2017CU-Lanwi1,蘭斯特,aye,False
2017CU-Lanwi1,ArthurLau1997,aye,True
2017CU-Lanwi1,SzMithrandir,aye,True
2017CU-Lanwi1,霧島聖,aye,True
2017CU-Lanwi1,鱼头炮,aye,True
2017CU-Lanwi1,Richard923888,aye,False
2017CU-Lanwi1,WQL,aye,True
2017CU-Lanwi1,Temp3600,aye,False
2017CU-Lanwi1,Z7504,aye,False
2017CU-Lanwi1,TEntEn4279,aye,False
2017CU-Lanwi1,Kou_Dou,aye,False
2017CU-Lanwi1,骑鹿的阿瑟先生,aye,False
2017CU-Lanwi1,Dqwyy,aye,True
2017CU-Lanwi1,B_dash,aye,False
2017CU-Lanwi1,Stang,aye,True
2017CU-Lanwi1,飞贼燕子,aye,True
2017CU-Lanwi1,Irc782,aye,True
2017CU-Lanwi1,胡蘿蔔,aye,False
2017CU-Lanwi1,Clear_Sky_C,aye,True
2017CU-Lanwi1,淺藍雪,aye,False
2017CU-Lanwi1,ForwardXu,aye,False
2017CU-Lanwi1,WAN233,aye,True
2017CU-Lanwi1,You_are_my_everything_Taipei,aye,False
2017CU-Lanwi1,Jpcomic,aye,False
2017CU-Lanwi1,Iokseng,aye,False
2017CU-Lanwi1,Fayhoo,aye,True
2017CU-Lanwi1,H2244932,aye,False
2017CU-Lanwi1,空间的拓荒者,aye,True
2017CU-Lanwi1,Hikaruangeel,aye,True
2017CU-Lanwi1,Nbfreeh,aye,True
2017CU-Lanwi1,AsharaDayne,aye,True
2017CU-Lanwi1,Legolas1024,aye,True
2017CU-Lanwi1,Billytanghh,aye,False
2017CU-Lanwi1,太子太保啦啦,aye,True
2017CU-Lanwi1,武藏,aye,False
2017CU-Lanwi1,Jsjsjs1111,aye,True
2017CU-Lanwi1,Eland_Zhou,aye,False
2017CU-Lanwi1,逆襲的天邪鬼,aye,False
2017CU-Lanwi1,小躍,aye,False
2017CU-Lanwi1,Shwangtianyuan,aye,True
2017CU-Lanwi1,RabbitMeow,aye,False
2017CU-Lanwi1,Choihei,aye,False
2017CU-Lanwi1,AT,aye,False
2017CU-Lanwi1,Mewaqua,nye,False
2017CU-Lanwi1,Antigng,nye,False
2017CU-Lanwi1,John_doe_120,nye,False
2017Richard923888,Asdfugil,aye,False
2017Richard923888,Jpcomic,aye,False
2017Richard923888,CCP2017,aye,False
2017Richard923888,S099001,aye,False
2017Richard923888,B_dash,aye,False
2017Richard923888,H2244932,aye,False
2017Richard923888,南极熊,aye,False
2017Richard923888,TEntEn4279,aye,False
2017Richard923888,RabbitMeow,aye,False
2017Richard923888,胡蘿蔔,aye,False
2017Richard923888,Datou_1996,aye,False
2017Richard923888,ForwardXu,nye,False
2017Richard923888,Jarl_Sverre,nye,False
2017Richard923888,Antigng,nye,False
2017Richard923888,Mewaqua,nye,False
2017Richard923888,Liu116,nye,False
2017Richard923888,Happy60907,nye,False
2017Richard923888,Clear_Sky_C,nye,True
2017Richard923888,Francotsangfh,nye,False
2017Richard923888,Choihei,nye,False
2017Richard923888,Tigerzeng,nye,False
2017Aotfs2013,Wong128hk,aye,False
2017Aotfs2013,Richard923888,aye,False
2017Aotfs2013,Jpcomic,aye,False
2017Aotfs2013,胡蘿蔔,aye,False
2017Aotfs2013,B_dash,aye,False
2017Aotfs2013,霧島聖,aye,True
2017Aotfs2013,Victor_Shyu,aye,False
2017Aotfs2013,H2244932,aye,False
2017Aotfs2013,Karta0800900,aye,False
2017Aotfs2013,Alexchris,aye,False
2017Aotfs2013,TaiwanAlex1,aye,False
2017Aotfs2013,TEntEn4279,aye,False
2017Aotfs2013,蘭斯特,aye,False
2017Aotfs2013,Meidosensei,aye,False
2017Aotfs2013,FireFeather,aye,False
2017Aotfs2013,Vinct_1998,aye,False
2017Aotfs2013,南极熊,aye,False
2017Aotfs2013,A2093064,aye,False
2017Aotfs2013,AndyAndyAndyAlbert,aye,False
2017Aotfs2013,PlyrStar93,aye,False
2017Aotfs2013,Lanwi1,aye,False
2017Aotfs2013,逆襲的天邪鬼,aye,False
2017Aotfs2013,Haneluya,aye,False
2017Aotfs2013,Subscriptshoe9,aye,False
2017Aotfs2013,Techyan,aye,True
2017Aotfs2013,金牌雄鹰,aye,True
2017Aotfs2013,Alexander_Misel,aye,True
2017Aotfs2013,Manchiu,aye,False
2017Aotfs2013,S099001,aye,False
2017Aotfs2013,Irc782,aye,True
2017Aotfs2013,Clear_Sky_C,aye,True
2017Aotfs2013,Datou_1996,aye,False
2017Aotfs2013,蘇州宇文宙武,aye,False
2017Aotfs2013,香港中立人,aye,False
2017Aotfs2013,WQL,aye,True
2017Aotfs2013,飞贼燕子,aye,True
2017Aotfs2013,Dargasea,aye,False
2017Aotfs2013,Antigng,aye,False
2017Aotfs2013,Dqwyy,aye,True
2017Aotfs2013,Temp3600,aye,False
2017Aotfs2013,You_are_my_everything_Taipei,aye,False
2017Aotfs2013,Kou_Dou,aye,False
2017Aotfs2013,FireFeather,aye,False
2017Aotfs2013,Choihei,aye,False
2017Aotfs2013,An_Macanese,aye,False
2017Aotfs2013,Wikijjj0001,aye,False
2017Aotfs2013,Happy60907,nye,False
2017Aotfs2013,Iokseng,nye,False
2017Aotfs2013,Liu116,nye,False
2017Aotfs2013,Lakokat,nye,False
2017Aotfs2013,盱悟,nye,False
2017Aotfs2013,Opky9407,nye,False
2017Aotfs2013,Jarodalien,nye,False
2017Aotfs2013,CCP2017,nye,False
2017Bcrat-Alexander_Misel,Hikaruangeel,aye,True
2017Bcrat-Alexander_Misel,瑞丽江的河水,aye,True
2017Bcrat-Alexander_Misel,Shwangtianyuan,aye,True
2017Bcrat-Alexander_Misel,WQL,aye,True
2017Bcrat-Alexander_Misel,WAN233,aye,True
2017Bcrat-Alexander_Misel,鱼头炮,aye,True
2017Bcrat-Alexander_Misel,Lanwi1,aye,False
2017Bcrat-Alexander_Misel,Techyan,aye,True
2017Bcrat-Alexander_Misel,Nbfreeh,aye,True
2017Bcrat-Alexander_Misel,LNDDYL,aye,False
2017Bcrat-Alexander_Misel,Z7504,aye,False
2017Bcrat-Alexander_Misel,Jpcomic,aye,False
2017Bcrat-Alexander_Misel,Happy60907,aye,False
2017Bcrat-Alexander_Misel,Datou_1996,aye,False
2017Bcrat-Alexander_Misel,Manchiu,aye,False
2017Bcrat-Alexander_Misel,胡蘿蔔,aye,False
2017Bcrat-Alexander_Misel,Dqwyy,aye,True
2017Bcrat-Alexander_Misel,AndyAndyAndyAlbert,aye,False
2017Bcrat-Alexander_Misel,金牌雄鹰,aye,True
2017Bcrat-Alexander_Misel,Legolas1024,aye,True
2017Bcrat-Alexander_Misel,脳内補完,aye,False
2017Bcrat-Alexander_Misel,霧島聖,aye,True
2017Bcrat-Alexander_Misel,杰里毛斯,aye,True
2017Bcrat-Alexander_Misel,南极熊,aye,False
2017Bcrat-Alexander_Misel,空间的拓荒者,aye,True
2017Bcrat-Alexander_Misel,Clear_Sky_C,aye,True
2017Bcrat-Alexander_Misel,B_dash,aye,False
2017Bcrat-Alexander_Misel,盱悟,aye,False
2017Bcrat-Alexander_Misel,Iokseng,aye,False
2017Bcrat-Alexander_Misel,Fayhoo,aye,True
2017Bcrat-Alexander_Misel,Stang,aye,True
2017Bcrat-Alexander_Misel,飞贼燕子,aye,True
2017Bcrat-Alexander_Misel,Zhangzj_cet,aye,True
2017Bcrat-Alexander_Misel,Victor_Shyu,aye,False
2017Bcrat-Alexander_Misel,WQL,aye,True
2017Bcrat-Alexander_Misel,Alexchris,aye,False
2017Bcrat-Alexander_Misel,AsharaDayne,aye,True
2017Bcrat-Alexander_Misel,Irc782,aye,True
2017Bcrat-Alexander_Misel,Tanimodori,aye,True
2017Bcrat-Alexander_Misel,Meidosensei,aye,False
2017Bcrat-Alexander_Misel,Kou_Dou,aye,False
2017Bcrat-Alexander_Misel,Lily135,aye,False
2017Bcrat-Alexander_Misel,太子太保啦啦,aye,True
2017Bcrat-Alexander_Misel,ArvinTing,aye,True
2017Bcrat-Alexander_Misel,Paoting,aye,False
2017Bcrat-Alexander_Misel,丁子君,aye,True
2017Bcrat-Alexander_Misel,逆襲的天邪鬼,aye,False
2017Bcrat-Alexander_Misel,蘇州宇文宙武,aye,False
2017Bcrat-Alexander_Misel,Antigng,nye,False
2017Bcrat-Nbfreeh,Techyan,aye,True
2017Bcrat-Nbfreeh,胡蘿蔔,aye,False
2017Bcrat-Nbfreeh,WQL,aye,True
2017Bcrat-Nbfreeh,鱼头炮,aye,True
2017Bcrat-Nbfreeh,霧島聖,aye,True
2017Bcrat-Nbfreeh,Hikaruangeel,aye,True
2017Bcrat-Nbfreeh,Antigng,aye,False
2017Bcrat-Nbfreeh,金牌雄鹰,aye,True
2017Bcrat-Nbfreeh,Lanwi1,aye,False
2017Bcrat-Nbfreeh,瑞丽江的河水,aye,True
2017Bcrat-Nbfreeh,盱悟,aye,False
2017Bcrat-Nbfreeh,1233,aye,False
2017Bcrat-Nbfreeh,Stang,aye,True
2017Bcrat-Nbfreeh,Manchiu,aye,False
2017Bcrat-Nbfreeh,Panzer_VI-II,aye,True
2017Bcrat-Nbfreeh,Njzjz,aye,True
2017Bcrat-Nbfreeh,Z7504,aye,False
2017Bcrat-Nbfreeh,杰里毛斯,aye,True
2017Bcrat-Nbfreeh,Shwangtianyuan,aye,True
2017Bcrat-Nbfreeh,Victor_Shyu,aye,False
2017Bcrat-Nbfreeh,ArvinTing,aye,True
2017Bcrat-Nbfreeh,太子太保啦啦,aye,True
2017Bcrat-Nbfreeh,空间的拓荒者,aye,True
2017Bcrat-Nbfreeh,飞贼燕子,aye,True
2017Bcrat-Nbfreeh,Dqwyy,aye,True
2017Bcrat-Nbfreeh,丁子君,aye,True
2017Bcrat-Nbfreeh,AsharaDayne,aye,True
2017Bcrat-Nbfreeh,Fayhoo,aye,True
2017Bcrat-Nbfreeh,Irc782,aye,True
2017Bcrat-Nbfreeh,H2244932,aye,False
2017Bcrat-Nbfreeh,Aotfs2013,aye,False
2017Bcrat-Nbfreeh,苏你妹~,aye,True
2017Bcrat-Nbfreeh,Bowleerin,aye,False
2017Bcrat-Nbfreeh,Jpcomic,aye,False
2017Bcrat-Nbfreeh,南极熊,aye,False
2017Bcrat-Nbfreeh,Clear_Sky_C,aye,True
2017Bcrat-Nbfreeh,Subscriptshoe9,aye,False
2017Bcrat-Nbfreeh,B_dash,aye,False
2017Bcrat-Nbfreeh,金善賢,aye,False
2017Bcrat-Nbfreeh,Richard923888,aye,False
2017Bcrat-Nbfreeh,Walter_Grassroot,aye,False
2017Bcrat-Nbfreeh,WAN233,aye,True
2017Bcrat-Nbfreeh,Alexchris,aye,False
2017Bcrat-Nbfreeh,TEntEn4279,aye,False
2017Bcrat-Nbfreeh,Leiem,aye,True
2017Bcrat-Nbfreeh,Datou_1996,aye,False
2017Bcrat-Nbfreeh,Happy60907,aye,False
2017Bcrat-Nbfreeh,蘇州宇文宙武,aye,False
2017Bcrat-Nbfreeh,Erquanmen,aye,True
2017Bcrat-Nbfreeh,Qinyongr,aye,False
2017Bcrat-Nbfreeh,Iokseng,aye,False
2017Bcrat-Nbfreeh,Zhangzj_cet,aye,True
2017Bcrat-Nbfreeh,You_are_my_everything_Taipei,aye,False
2017OS-Alexander_Misel,WAN233,aye,True
2017OS-Alexander_Misel,Irc782,aye,True
2017OS-Alexander_Misel,WQL,aye,True
2017OS-Alexander_Misel,Lanwi1,aye,False
2017OS-Alexander_Misel,霧島聖,aye,True
2017OS-Alexander_Misel,Datou_1996,aye,False
2017OS-Alexander_Misel,B_dash,aye,False
2017OS-Alexander_Misel,Techyan,aye,True
2017OS-Alexander_Misel,Bluedeck,aye,False
2017OS-Alexander_Misel,Subscriptshoe9,aye,False
2017OS-Alexander_Misel,瑞丽江的河水,aye,True
2017OS-Alexander_Misel,TEntEn4279,aye,False
2017OS-Alexander_Misel,Carrotkit,aye,False
2017OS-Alexander_Misel,鱼头炮,aye,True
2017OS-Alexander_Misel,香港中立人,aye,False
2017OS-Alexander_Misel,Z7504,aye,False
2017OS-Alexander_Misel,Nbfreeh,aye,True
2017OS-Alexander_Misel,Jpcomic,aye,False
2017OS-Alexander_Misel,Manchiu,aye,False
2017OS-Alexander_Misel,南极熊,aye,False
2017OS-Alexander_Misel,AsharaDayne,aye,True
2017OS-Alexander_Misel,Stang,aye,True
2017OS-Alexander_Misel,Alexchris,aye,False
2017OS-Alexander_Misel,New_visitor,aye,False
2017OS-Alexander_Misel,Aotfs2013,aye,False
2017OS-Alexander_Misel,Richard923888,aye,False
2017OS-Alexander_Misel,Iokseng,aye,False
2017OS-Alexander_Misel,H2244932,aye,False
2017OS-Alexander_Misel,飞贼燕子,aye,True
2017OS-Alexander_Misel,Paoting,aye,False
2017OS-Alexander_Misel,IMJENRY,aye,False
2017OS-Alexander_Misel,Temp3600,aye,False
2017OS-Alexander_Misel,Kanashimi,aye,False
2017OS-Alexander_Misel,The_powder_toy,aye,True
2017OS-Alexander_Misel,小躍,aye,False
2017OS-Alexander_Misel,Lily135,aye,False
2017OS-Alexander_Misel,You_are_my_everything_Taipei,aye,False
2017OS-Alexander_Misel,Dqwyy,aye,True
2017Subscriptshoe9(2),Aotfs2013,aye,False
2017Subscriptshoe9(2),Richard923888,aye,False
2017Subscriptshoe9(2),Manchiu,aye,False
2017Subscriptshoe9(2),Bluedeck,aye,False
2017Subscriptshoe9(2),Lanwi1,aye,False
2017Subscriptshoe9(2),B_dash,aye,False
2017Subscriptshoe9(2),Jpcomic,aye,False
2017Subscriptshoe9(2),Z7504,aye,False
2017Subscriptshoe9(2),Datou_1996,aye,False
2017Subscriptshoe9(2),小躍,aye,False
2017Subscriptshoe9(2),蘭斯特,aye,False
2017Subscriptshoe9(2),烈羽,aye,False
2017Subscriptshoe9(2),Tb095811zhwiki,aye,False
2017Subscriptshoe9(2),B2322858,aye,False
2017Subscriptshoe9(2),Neville_Wang,aye,False
2017Subscriptshoe9(2),H2244932,aye,False
2017Subscriptshoe9(2),TEntEn4279,aye,False
2017Subscriptshoe9(2),金牌雄鹰,aye,True
2017Subscriptshoe9(2),WhitePhosphorus,aye,False
2017Subscriptshoe9(2),Techyan,aye,True
2017Subscriptshoe9(2),1233,aye,False
2017Subscriptshoe9(2),Carrotkit,aye,False
2017Subscriptshoe9(2),Nbfreeh,aye,True
2017Subscriptshoe9(2),霧島聖,aye,True
2017Subscriptshoe9(2),Stang,aye,True
2017Subscriptshoe9(2),写字板,aye,False
2017Subscriptshoe9(2),Jasonzhuocn,aye,False
2017Subscriptshoe9(2),Bowleerin,aye,False
2017Subscriptshoe9(2),RabbitMeow,aye,False
2017Subscriptshoe9(2),Clear_Sky_C,aye,True
2017Subscriptshoe9(2),You_are_my_everything_Taipei,aye,False
2017Subscriptshoe9(2),Mrhso2014,aye,False
2017Subscriptshoe9(2),Irc782,aye,True
2017Subscriptshoe9(2),StevenK234,aye,False
2017Subscriptshoe9(2),飞贼燕子,aye,True
2017Subscriptshoe9(2),Dargasea,aye,False
2017Subscriptshoe9(2),Alexchris,aye,False
2017Subscriptshoe9(2),The_powder_toy,aye,True
2017Subscriptshoe9(2),Wikijjj0001,aye,False
2017Bcrat-Antigng,Datou_1996,aye,False
2017Bcrat-Antigng,Lanwi1,aye,False
2017Bcrat-Antigng,N-C16,aye,False
2017Bcrat-Antigng,Clear_Sky_C,aye,True
2017Bcrat-Antigng,Artoria2e5,aye,False
2017Bcrat-Antigng,TEntEn4279,aye,False
2017Bcrat-Antigng,烈羽,aye,False
2017Bcrat-Antigng,Abacn,aye,False
2017Bcrat-Antigng,Cp111,aye,False
2017Bcrat-Antigng,写字板,aye,False
2017Bcrat-Antigng,Dqwyy,aye,True
2017Bcrat-Antigng,Meidosensei,aye,False
2017Bcrat-Antigng,Subscriptshoe9,aye,False
2017Bcrat-Antigng,No1lovesu,aye,False
2017Bcrat-Antigng,Bxxiaolin,aye,False
2017Bcrat-Antigng,Techyan,nye,True
2017Bcrat-Antigng,金牌雄鹰,nye,True
2017Bcrat-Antigng,SzMithrandir,nye,True
2017Bcrat-Antigng,霧島聖,nye,True
2017Bcrat-Antigng,Kou_Dou,nye,False
2017Bcrat-Antigng,飞贼燕子,nye,True
2017Bcrat-Antigng,Hat600,nye,False
2017Bcrat-Antigng,Nbfreeh,nye,True
2017Bcrat-AT,Alexander_Misel,aye,True
2017Bcrat-AT,Techyan,aye,True
2017Bcrat-AT,Lanwi1,aye,False
2017Bcrat-AT,N-C16,aye,False
2017Bcrat-AT,Kou_Dou,aye,False
2017Bcrat-AT,Morgan_Siu,aye,False
2017Bcrat-AT,Datou_1996,aye,False
2017Bcrat-AT,金牌雄鹰,aye,True
2017Bcrat-AT,Clear_Sky_C,aye,True
2017Bcrat-AT,Jpcomic,aye,False
2017Bcrat-AT,TEntEn4279,aye,False
2017Bcrat-AT,Billytanghh,aye,False
2017Bcrat-AT,Jason22,aye,False
2017Bcrat-AT,WAN233,aye,True
2017Bcrat-AT,Wikijjj0001,aye,False
2017Bcrat-AT,Cp111,aye,False
2017Bcrat-AT,盱悟,aye,False
2017Bcrat-AT,小躍,aye,False
2017Bcrat-AT,写字板,aye,False
2017Bcrat-AT,IMJENRY,aye,False
2017Bcrat-AT,武藏,aye,False
2017Bcrat-AT,T.A_Shirakawa,aye,False
2017Bcrat-AT,Joshua_Zhan,aye,False
2017Bcrat-AT,You_are_my_everything_Taipei,aye,False
2017Bcrat-AT,Dqwyy,aye,True
2017Bcrat-AT,飞贼燕子,aye,True
2017Bcrat-AT,Meidosensei,aye,False
2017Bcrat-AT,Nbfreeh,aye,True
2017Bcrat-AT,Irc782,aye,True
2017Bcrat-AT,Z7504,aye,False
2017Bcrat-AT,蘇州宇文宙武,aye,False
2017Bcrat-AT,Antigng,nye,False
2017Bcrat-AT,Carrotkit,nye,False
2017Bcrat-AT,AT,nye,False
2017Bcrat-AT,Hat600,nye,False
2017Bcrat-AT,Beta_Lohman,nye,False
2017Lily135,Billytanghh,aye,False
2017Lily135,N-C16,aye,False
2017Lily135,小躍,aye,False
2017Lily135,Liu116,nye,False
2017Lily135,Tigerzeng,nye,False
2017Bcrat-T.A_Shirakawa,N-C16,aye,False
2017Bcrat-T.A_Shirakawa,TEntEn4279,aye,False
2017Bcrat-T.A_Shirakawa,Bluedeck,aye,False
2017Bcrat-T.A_Shirakawa,Carrotkit,aye,False
2017Bcrat-T.A_Shirakawa,Antigng,aye,False
2017Bcrat-T.A_Shirakawa,Billytanghh,aye,False
2017Bcrat-T.A_Shirakawa,Lanwi1,aye,False
2017Bcrat-T.A_Shirakawa,Artoria2e5,aye,False
2017Bcrat-T.A_Shirakawa,Kuailong,aye,False
2017Bcrat-T.A_Shirakawa,Jpcomic,aye,False
2017Bcrat-T.A_Shirakawa,Aotfs2013,aye,False
2017Bcrat-T.A_Shirakawa,Ch.Andrew,aye,False
2017Bcrat-T.A_Shirakawa,Reke,aye,False
2017Bcrat-T.A_Shirakawa,Zhxy_519,aye,False
2017Bcrat-T.A_Shirakawa,烈羽,aye,False
2017Bcrat-T.A_Shirakawa,Kou_Dou,aye,False
2017Bcrat-T.A_Shirakawa,Iokseng,aye,False
2017Bcrat-T.A_Shirakawa,SyaNHs,aye,False
2017Bcrat-T.A_Shirakawa,Joshua_Zhan,aye,False
2017Bcrat-T.A_Shirakawa,Datou_1996,aye,False
2017Bcrat-T.A_Shirakawa,Jason22,aye,False
2017Bcrat-T.A_Shirakawa,Red16,aye,False
2017Bcrat-T.A_Shirakawa,淺藍雪,aye,False
2017Bcrat-T.A_Shirakawa,Alexsh,aye,False
2017Bcrat-T.A_Shirakawa,Winertai,aye,False
2017Bcrat-T.A_Shirakawa,LHD,aye,False
2017Bcrat-T.A_Shirakawa,Cp111,aye,False
2017Bcrat-T.A_Shirakawa,Ffaarr,aye,False
2017Bcrat-T.A_Shirakawa,写字板,aye,False
2017Bcrat-T.A_Shirakawa,Cwek,aye,False
2017Bcrat-T.A_Shirakawa,IMJENRY,aye,False
2017Bcrat-T.A_Shirakawa,武藏,aye,False
2017Bcrat-T.A_Shirakawa,Chinuan12623,aye,False
2017Bcrat-T.A_Shirakawa,佛壁灯,nye,True
2017Bcrat-T.A_Shirakawa,Erquanmen,nye,True
2017Bcrat-T.A_Shirakawa,金牌雄鹰,nye,True
2017Bcrat-T.A_Shirakawa,Shwangtianyuan,nye,True
2017Bcrat-T.A_Shirakawa,Alexander_Misel,nye,True
2017Bcrat-T.A_Shirakawa,Zhanghui66,nye,True
2017Bcrat-T.A_Shirakawa,Liu116,nye,False
2017Bcrat-T.A_Shirakawa,Fayhoo,nye,True
2017Bcrat-T.A_Shirakawa,AsharaDayne,nye,True
2017Bcrat-T.A_Shirakawa,霧島聖,nye,True
2017Bcrat-T.A_Shirakawa,SzMithrandir,nye,True
2017Bcrat-T.A_Shirakawa,盱悟,nye,False
2017Bcrat-T.A_Shirakawa,小躍,nye,False
2017Bcrat-Wong128hk(2),N-C16,aye,False
2017Bcrat-Wong128hk(2),TEntEn4279,aye,False
2017Bcrat-Wong128hk(2),Bluedeck,aye,False
2017Bcrat-Wong128hk(2),逆襲的天邪鬼,aye,False
2017Bcrat-Wong128hk(2),Datou_1996,aye,False
2017Bcrat-Wong128hk(2),Lanwi1,aye,False
2017Bcrat-Wong128hk(2),Jpcomic,aye,False
2017Bcrat-Wong128hk(2),Alexander_Misel,aye,True
2017Bcrat-Wong128hk(2),蘭斯特,aye,False
2017Bcrat-Wong128hk(2),霧島聖,aye,True
2017Bcrat-Wong128hk(2),Whaterss,aye,False
2017Bcrat-Wong128hk(2),Jessicat830,aye,False
2017Bcrat-Wong128hk(2),Aotfs2013,aye,False
2017Bcrat-Wong128hk(2),Artoria2e5,aye,False
2017Bcrat-Wong128hk(2),Dargasea,aye,False
2017Bcrat-Wong128hk(2),Kou_Dou,aye,False
2017Bcrat-Wong128hk(2),WhitePhosphorus,aye,False
2017Bcrat-Wong128hk(2),Carrotkit,aye,False
2017Bcrat-Wong128hk(2),1233,aye,False
2017Bcrat-Wong128hk(2),Iokseng,aye,False
2017Bcrat-Wong128hk(2),Galaxyharrylion,aye,False
2017Bcrat-Wong128hk(2),Dqwyy,aye,True
2017Bcrat-Wong128hk(2),Wcam,aye,False
2017Bcrat-Wong128hk(2),Howbunbun,aye,False
2017Bcrat-Wong128hk(2),Victor_Shyu,aye,False
2017Bcrat-Wong128hk(2),Richard923888,aye,False
2017Bcrat-Wong128hk(2),Techyan,aye,True
2017Bcrat-Wong128hk(2),WAN233,aye,True
2017Bcrat-Wong128hk(2),小躍,aye,False
2017Bcrat-Wong128hk(2),Abacn,aye,False
2017Bcrat-Wong128hk(2),You_are_my_everything_Taipei,aye,False
2017Bcrat-Wong128hk(2),Temp3600,aye,False
2017Bcrat-Wong128hk(2),Billytanghh,aye,False
2017Bcrat-Wong128hk(2),写字板,aye,False
2017Bcrat-Wong128hk(2),A2093064,aye,False
2017Bcrat-Wong128hk(2),Kegns,aye,False
2017Bcrat-Wong128hk(2),空间的拓荒者,aye,True
2017Bcrat-Wong128hk(2),Nbfreeh,aye,True
2017Bcrat-Wong128hk(2),飞贼燕子,aye,True
2017Bcrat-Wong128hk(2),RabbitMeow,aye,False
2017Bcrat-Wong128hk(2),T.A_Shirakawa,aye,False
2017Bcrat-Wong128hk(2),Itsminecookies,aye,False
2017Bcrat-Wong128hk(2),AT,aye,False
2017Bcrat-Wong128hk(2),Waihorace,aye,False
2017Bcrat-Wong128hk(2),Morgan_Siu,aye,False
2017WhitePhosphorus(2),Bluedeck,aye,False
2017WhitePhosphorus(2),Datou_1996,aye,False
2017WhitePhosphorus(2),逆襲的天邪鬼,aye,False
2017WhitePhosphorus(2),N-C16,aye,False
2017WhitePhosphorus(2),星耀晨曦,aye,False
2017WhitePhosphorus(2),空间的拓荒者,aye,True
2017WhitePhosphorus(2),Techyan,aye,True
2017WhitePhosphorus(2),Davidzdh,aye,False
2017WhitePhosphorus(2),Jpcomic,aye,False
2017WhitePhosphorus(2),Neville_Wang,aye,False
2017WhitePhosphorus(2),Joshua_Zhan,aye,False
2017WhitePhosphorus(2),TEntEn4279,aye,False
2017WhitePhosphorus(2),Wong128hk,aye,False
2017WhitePhosphorus(2),Tigerzeng,aye,False
2017WhitePhosphorus(2),Billytanghh,aye,False
2017WhitePhosphorus(2),Lanwi1,aye,False
2017WhitePhosphorus(2),蘭斯特,aye,False
2017WhitePhosphorus(2),Dargasea,aye,False
2017WhitePhosphorus(2),小躍,aye,False
2017WhitePhosphorus(2),Artoria2e5,aye,False
2017WhitePhosphorus(2),RabbitMeow,aye,False
2017WhitePhosphorus(2),Victor_Shyu,aye,False
2017WhitePhosphorus(2),霧島聖,aye,True
2017WhitePhosphorus(2),Kou_Dou,aye,False
2017WhitePhosphorus(2),蘇州宇文宙武,aye,False
2017WhitePhosphorus(2),Carrotkit,aye,False
2017WhitePhosphorus(2),Jacklamf1d14,aye,False
2017WhitePhosphorus(2),Iokseng,aye,False
2017WhitePhosphorus(2),Galaxyharrylion,aye,False
2017WhitePhosphorus(2),Dqwyy,aye,True
2017WhitePhosphorus(2),WAN233,aye,True
2017WhitePhosphorus(2),Leiem,aye,True
2017WhitePhosphorus(2),Richard923888,aye,False
2017WhitePhosphorus(2),Leiem,aye,True
2017WhitePhosphorus(2),AT,aye,False
2017WhitePhosphorus(2),Aa1388zz,aye,False
2017WhitePhosphorus(2),烈羽,aye,False
2017WhitePhosphorus(2),Abacn,aye,False
2017WhitePhosphorus(2),You_are_my_everything_Taipei,aye,False
2017WhitePhosphorus(2),写字板,aye,False
2017WhitePhosphorus(2),A2093064,aye,False
2017WhitePhosphorus(2),Nbfreeh,aye,True
2017WhitePhosphorus(2),春卷柯南,aye,False
2017WhitePhosphorus(2),StevenK234,aye,False
2017WhitePhosphorus(2),T.A_Shirakawa,aye,False
2017WhitePhosphorus(2),BakaChinatsu,aye,False
2017WhitePhosphorus(2),Choihei,aye,False
2017飞贼燕子,霧島聖,aye,True
2017飞贼燕子,Carrotkit,aye,False
2017飞贼燕子,N-C16,aye,False
2017飞贼燕子,Clear_Sky_C,aye,True
2017飞贼燕子,蘇州宇文宙武,aye,False
2017飞贼燕子,脳内補完,aye,False
2017飞贼燕子,丁子君,aye,True
2017飞贼燕子,LDM2060,aye,True
2017飞贼燕子,Alexander_Misel,aye,True
2017飞贼燕子,佛壁灯,aye,True
2017飞贼燕子,空间的拓荒者,aye,True
2017飞贼燕子,Techyan,aye,True
2017飞贼燕子,Datou_1996,aye,False
2017飞贼燕子,Zhanghui66,aye,True
2017飞贼燕子,Shwangtianyuan,aye,True
2017飞贼燕子,Fayhoo,aye,True
2017飞贼燕子,Irc782,aye,True
2017飞贼燕子,Erquanmen,aye,True
2017飞贼燕子,E8xE8,aye,False
2017飞贼燕子,WAN233,aye,True
2017飞贼燕子,TEntEn4279,aye,False
2017飞贼燕子,我乃野云鹤,aye,False
2017飞贼燕子,SzMithrandir,aye,True
2017飞贼燕子,You_are_my_everything_Taipei,aye,False
2017飞贼燕子,Richard923888,aye,False
2017飞贼燕子,Neville_Wang,aye,False
2017飞贼燕子,Lnnocentius,aye,False
2017飞贼燕子,坚决杀毒2008,aye,False
2017飞贼燕子,Nbfreeh,aye,True
2017飞贼燕子,Billytanghh,aye,False
2017飞贼燕子,苏你妹~,aye,True
2017飞贼燕子,Antigng,nye,False
2017飞贼燕子,Joshua_Zhan,nye,False
2017飞贼燕子,Mewaqua,nye,False
2017飞贼燕子,Jpcomic,nye,False
2017飞贼燕子,Liu116,nye,False
2017飞贼燕子,褆福,nye,False
2017飞贼燕子,Cwek,nye,False
2017飞贼燕子,John_doe_120,nye,False
2017飞贼燕子,Wildcursive,nye,False
2017飞贼燕子,Bluedeck,nye,False
2017飞贼燕子,Kencola,nye,False
2017飞贼燕子,Antigng,nye,False
2017飞贼燕子,Kegns,nye,False
2017飞贼燕子,Tb095811zhwiki,nye,False
2017飞贼燕子,Shizhao,nye,False
2017Xiplus(2),N-C16,aye,False
2017Xiplus(2),Neville_Wang,aye,False
2017Xiplus(2),Datou_1996,aye,False
2017Xiplus(2),霧島聖,aye,True
2017Xiplus(2),逆襲的天邪鬼,aye,False
2017Xiplus(2),Joshua_Zhan,aye,False
2017Xiplus(2),Lanwi1,aye,False
2017Xiplus(2),Clear_Sky_C,aye,True
2017Xiplus(2),蘭斯特,aye,False
2017Xiplus(2),H2244932,aye,False
2017Xiplus(2),Jpcomic,aye,False
2017Xiplus(2),RabbitMeow,aye,False
2017Xiplus(2),TEntEn4279,aye,False
2017Xiplus(2),暖城2016-02-05,aye,False
2017Xiplus(2),WhitePhosphorus,aye,False
2017Xiplus(2),Alexander_Misel,aye,True
2017Xiplus(2),Artoria2e5,aye,False
2017Xiplus(2),John123521,aye,False
2017Xiplus(2),Techyan,aye,True
2017Xiplus(2),Billytanghh,aye,False
2017Xiplus(2),盱悟,aye,False
2017Xiplus(2),Bluedeck,aye,False
2017Xiplus(2),小躍,aye,False
2017Xiplus(2),Wildcursive,aye,False
2017Xiplus(2),Stang,aye,True
2017Xiplus(2),Jacklamf1d14,aye,False
2017Xiplus(2),Iokseng,aye,False
2017Xiplus(2),AT,aye,False
2017Xiplus(2),Galaxyharrylion,aye,False
2017Xiplus(2),WAN233,aye,True
2017Xiplus(2),You_are_my_everything_Taipei,aye,False
2017Xiplus(2),脳内補完,aye,False
2017Xiplus(2),Richard923888,aye,False
2017Xiplus(2),写字板,aye,False
2017Xiplus(2),烈羽,aye,False
2017Xiplus(2),Nbfreeh,aye,True
2017Xiplus(2),Antigng,aye,False
2017Xiplus(2),Beta_Lohman,nye,False
2017Xiplus(2),Temp3600,nye,False
2017Xiplus(2),Liu116,nye,False
2017Xiplus(2),Aa1388zz,nye,False
2017CU-Alexander_Misel,Datou_1996,aye,False
2017CU-Alexander_Misel,Clear_Sky_C,aye,True
2017CU-Alexander_Misel,丁子君,aye,True
2017CU-Alexander_Misel,霧島聖,aye,True
2017CU-Alexander_Misel,Shwangtianyuan,aye,True
2017CU-Alexander_Misel,Wikijjj0001,aye,False
2017CU-Alexander_Misel,N-C16,aye,False
2017CU-Alexander_Misel,金牌雄鹰,aye,True
2017CU-Alexander_Misel,飞贼燕子,aye,True
2017CU-Alexander_Misel,Techyan,aye,True
2017CU-Alexander_Misel,Dqwyy,aye,True
2017CU-Alexander_Misel,申花蓝血人,aye,False
2017CU-Alexander_Misel,H2244932,aye,False
2017CU-Alexander_Misel,Fayhoo,aye,True
2017CU-Alexander_Misel,FRDian,aye,False
2017CU-Alexander_Misel,追迹未来,aye,False
2017CU-Alexander_Misel,Lnnocentius,aye,False
2017CU-Alexander_Misel,苏你妹~,aye,True
2017CU-Alexander_Misel,Loxa6434281,aye,False
2017CU-Alexander_Misel,Paoting,aye,False
2017CU-Alexander_Misel,WAN233,aye,True
2017CU-Alexander_Misel,Lanwi1,aye,False
2017CU-Alexander_Misel,Carrotkit,aye,False
2017CU-Alexander_Misel,Nbfreeh,aye,True
2017CU-Alexander_Misel,Y814756748,aye,False
2017CU-Alexander_Misel,DreamLiner,aye,False
2017CU-Alexander_Misel,小躍,aye,False
2017CU-Alexander_Misel,Victor_Shyu,aye,False
2017CU-Alexander_Misel,星巴克女王,aye,False
2017CU-Alexander_Misel,嘀嘀嘀,aye,True
2017CU-Alexander_Misel,脳内補完,aye,False
2017CU-Alexander_Misel,Chinuan12623,aye,False
2017CU-Alexander_Misel,石家庄小伙,aye,True
2017CU-Alexander_Misel,Walter_Grassroot,aye,False
2017CU-Alexander_Misel,PhiLiP,aye,False
2017CU-Alexander_Misel,Bluedeck,aye,False
2017CU-Alexander_Misel,和平奮鬥救地球,aye,False
2017CU-Alexander_Misel,Gszq,aye,False
2017CU-Alexander_Misel,Jsjsjs1111,aye,True
2017CU-Alexander_Misel,Subscriptshoe9,aye,False
2017CU-Alexander_Misel,Zhanghui66,aye,True
2017CU-Alexander_Misel,SzMithrandir,aye,True
2017CU-Alexander_Misel,DeBit,aye,False
2017CU-Alexander_Misel,Erquanmen,aye,True
2017CU-Alexander_Misel,New_visitor,aye,False
2017CU-Alexander_Misel,坚决杀毒2008,aye,False
2017CU-Alexander_Misel,Stang,aye,True
2017CU-Alexander_Misel,ArvinTing,aye,True
2017CU-Alexander_Misel,Joshua_Zhan,aye,False
2017CU-Alexander_Misel,AsharaDayne,aye,True
2017CU-Alexander_Misel,Iokseng,aye,False
2017CU-Alexander_Misel,Lily135,aye,False
2017CU-Alexander_Misel,Jarodalien,nye,False
2017CU-Alexander_Misel,Antigng,nye,False
2017CU-Alexander_Misel,Mewaqua,nye,False
2017CU-Alexander_Misel,John_doe_120,nye,False
2017CU-Alexander_Misel,范,nye,False
2017CU-Alexander_Misel,Lt2818,nye,False
2017CU-Alexander_Misel,Hat600,nye,False
2017CU-Alexander_Misel,Baycrest,nye,False
2017CU-Alexander_Misel,烈羽,nye,False
2017Clear_Sky_C,Datou_1996,aye,False
2017Clear_Sky_C,南极熊,aye,False
2017Clear_Sky_C,N-C16,aye,False
2017Clear_Sky_C,Wikijjj0001,aye,False
2017Clear_Sky_C,丁子君,aye,True
2017Clear_Sky_C,Fayhoo,aye,True
2017Clear_Sky_C,Joylintp,aye,False
2017Clear_Sky_C,斗争和平解放人权,aye,False
2017Clear_Sky_C,金牌雄鹰,aye,True
2017Clear_Sky_C,Victor_Shyu,aye,False
2017Clear_Sky_C,飞贼燕子,aye,True
2017Clear_Sky_C,霧島聖,aye,True
2017Clear_Sky_C,脳内補完,aye,False
2017Clear_Sky_C,Nbfreeh,aye,True
2017Clear_Sky_C,Carrotkit,aye,False
2017Clear_Sky_C,和平奮鬥救地球,aye,False
2017Clear_Sky_C,Galaxyharrylion,aye,False
2017Clear_Sky_C,Antigng,nye,False
2017Clear_Sky_C,Mewaqua,nye,False
2017Clear_Sky_C,Lanwi1,nye,False
2017Clear_Sky_C,Cwek,nye,False
2017Clear_Sky_C,Liu116,nye,False
2017Clear_Sky_C,Subscriptshoe9,nye,False
2017Clear_Sky_C,淺藍雪,nye,False
2017Clear_Sky_C,Hat600,nye,False
2017Clear_Sky_C,Richard923888,nye,False
2017Clear_Sky_C,葉又嘉,nye,False
2017Clear_Sky_C,Jimmy_Xu,nye,False
2017Clear_Sky_C,Lnnocentius,nye,False
2017Clear_Sky_C,Tb095811zhwiki,nye,False
2017Xiplus(1),N-C16,aye,False
2017Xiplus(1),H2244932,aye,False
2017Xiplus(1),WilliamSkyWalk,aye,False
2017Xiplus(1),ForwardXu,aye,False
2017Xiplus(1),Tigerzeng,aye,False
2017Xiplus(1),Loxa6434281,aye,False
2017Xiplus(1),写字板,aye,False
2017Xiplus(1),逆襲的天邪鬼,aye,False
2017Xiplus(1),香港中立人,aye,False
2017Xiplus(1),Wikijjj0001,aye,False
2017Xiplus(1),Datou_1996,aye,False
2017Xiplus(1),Iokseng,aye,False
2017Xiplus(1),Stang,aye,True
2017Xiplus(1),和平奮鬥救地球,aye,False
2017Xiplus(1),1233,aye,False
2017Xiplus(1),Ochloese,aye,False
2017Xiplus(1),Shopping0624,aye,False
2017Xiplus(1),油条烧饼麻花,aye,False
2017Xiplus(1),Happy60907,aye,False
2017Xiplus(1),Chinuan12623,aye,False
2017Xiplus(1),Adsa562,aye,False
2017Xiplus(1),Eric850130,aye,False
2017Xiplus(1),Wildcursive,aye,False
2017Xiplus(1),No1lovesu,aye,False
2017Xiplus(1),Mewaqua,aye,False
2017Xiplus(1),Matt_Smith,aye,False
2017Xiplus(1),Clear_Sky_C,aye,True
2017Xiplus(1),烈羽,aye,False
2017Xiplus(1),老陳,aye,False
2017Xiplus(1),Subscriptshoe9,aye,False
2017Xiplus(1),Wolfch,aye,False
2017Xiplus(1),Tb095811zhwiki,aye,False
2017Xiplus(1),Wetrace,aye,False
2017Xiplus(1),Marvin_2009,aye,False
2017Xiplus(1),Aa1388zz,nye,False
2017Xiplus(1),Beta_Lohman,nye,False
2017Xiplus(1),小躍,nye,False
2017Xiplus(1),Galaxyharrylion,nye,False
2017Xiplus(1),Baycrest,nye,False
2017Xiplus(1),霧島聖,nye,True
2017Xiplus(1),Zhanghui66,nye,True
2017Xiplus(1),蘇州宇文宙武,nye,False
2017Xiplus(1),Shwangtianyuan,nye,True
2017Xiplus(1),Lnnocentius,nye,False
2017Xiplus(1),飞贼燕子,nye,True
2017Xiplus(1),脳内補完,nye,False
2017Xiplus(1),追迹未来,nye,False
2017Iokseng,N-C16,aye,False
2017Iokseng,Lnnocentius,aye,False
2017Iokseng,三石樑桂老,aye,False
2017Iokseng,小躍,aye,False
2017Iokseng,和平奮鬥救地球,aye,False
2017Iokseng,H2244932,aye,False
2017Iokseng,Richard923888,aye,False
2017Iokseng,Lanwi1,aye,False
2017Iokseng,WilliamSkyWalk,aye,False
2017Iokseng,写字板,aye,False
2017Iokseng,AT,aye,False
2017Iokseng,Cwek,aye,False
2017Iokseng,Wikijjj0001,aye,False
2017Iokseng,Kolyma,aye,False
2017Iokseng,Stang,aye,True
2017Iokseng,Iokseng,aye,False
2017Iokseng,Waihorace,aye,False
2017Iokseng,Techyan,aye,True
2017Iokseng,Subscriptshoe9,aye,False
2017Iokseng,Wildcursive,aye,False
2017Iokseng,Jacklamf1d14,aye,False
2017Iokseng,香港中立人,aye,False
2017Iokseng,LDM2060,aye,True
2017Iokseng,Ricknator,aye,False
2017Iokseng,DreamLiner,aye,False
2017Iokseng,Kuailong,aye,False
2017Iokseng,霧島聖,aye,True
2017Iokseng,AsharaDayne,aye,True
2017Iokseng,宋仲慧,aye,False
2017Iokseng,Gakmo,aye,False
2017Iokseng,Nbfreeh,aye,True
2017Iokseng,Black9869184,aye,False
2017Iokseng,Aa1388zz,aye,False
2017Iokseng,Datou_1996,aye,False
2017Iokseng,Galaxyharrylion,aye,False
2017Iokseng,Loxa6434281,aye,False
2017Iokseng,逆襲的天邪鬼,aye,False
2017Iokseng,John123521,aye,False
2017Iokseng,淺藍雪,nye,False
2017Iokseng,Winertai,nye,False
2017Iokseng,Lakokat,nye,False
2017Iokseng,SzMithrandir,nye,True
2017Vote-offwiki-attack,Subscriptshoe9,aye,False
2017Vote-offwiki-attack,Artoria2e5,aye,False
2017Vote-offwiki-attack,Jessicat830,aye,False
2017Vote-offwiki-attack,Mewaqua,aye,False
2017Vote-offwiki-attack,BakaChinatsu,aye,False
2017Vote-offwiki-attack,KOKUYO,aye,False
2017Vote-offwiki-attack,Cwek,aye,False
2017Vote-offwiki-attack,Abacn,aye,False
2017Vote-offwiki-attack,AT,aye,False
2017Vote-offwiki-attack,Wong128hk,aye,False
2017Vote-offwiki-attack,葉又嘉,aye,False
2017Vote-offwiki-attack,You_are_my_everything_Taipei,aye,False
2017Vote-offwiki-attack,Wetrace,aye,False
2017Vote-offwiki-attack,王家林,aye,False
2017Vote-offwiki-attack,Alfredo_ougaowen,aye,False
2017Vote-offwiki-attack,1233,aye,False
2017Vote-offwiki-attack,Iamapighhh,nye,False
2017Vote-offwiki-attack,丁子君,nye,True
2017Vote-offwiki-attack,霧島聖,nye,True
2017Vote-offwiki-attack,飞贼燕子,nye,True
2017Vote-offwiki-attack,Victor_Shyu,nye,False
2017Vote-offwiki-attack,Huihengchen,nye,True
2017Vote-offwiki-attack,申花蓝血人,nye,False
2017Vote-offwiki-attack,Galaxyharrylion,nye,False
2017Vote-offwiki-attack,Lanwi1,nye,False
2017Vote-offwiki-attack,Techyan,nye,True
2017Vote-offwiki-attack,Irc782,nye,True
2017Vote-offwiki-attack,LDM2060,nye,True
2017Vote-offwiki-attack,Q714182379,nye,False
2017Vote-offwiki-attack,金牌雄鹰,nye,True
2017Vote-offwiki-attack,Dqwyy,nye,True
2017Vote-offwiki-attack,蘇州宇文宙武,nye,False
2017Vote-offwiki-attack,Fayhoo,nye,True
2017Vote-offwiki-attack,盱悟,nye,False
2017Vote-offwiki-attack,HenryXVII,nye,True
2017Vote-offwiki-attack,追迹未来,nye,False
2017Vote-offwiki-attack,嘀嘀嘀,nye,True
2017Vote-offwiki-attack,Jsjsjs1111,nye,True
2017Vote-offwiki-attack,Zhanghui66,nye,True
2017Vote-offwiki-attack,Legolas1024,nye,True
2017Vote-offwiki-attack,Neville_Wang,nye,False
2017Vote-offwiki-attack,Erquanmen,nye,True
